{
    "rsme": 0.8043582048657718,
    "mae": 0.6571925749078043,
    "r2": 0.009967374502721005
}