{
    "rsme": 0.8048647963576488,
    "mae": 0.6603199963056279,
    "r2": 0.008719920223225763
}