{
    "rsme": 0.8047268908407278,
    "mae": 0.6580362814411232,
    "r2": 0.009059582936988053
}