{
    "rsme": 0.7919512773798352,
    "mae": 0.6463909779513684,
    "r2": 0.04027360008159453
}