{
    "rsme": 0.8044011407067247,
    "mae": 0.6573035628509505,
    "r2": 0.009861677768097876
}